Company,Symbol,Legal name
3R Petroleum Oleo E Gas,RRRP3,3R Petroleum Oleo E Gas SA
88 Energy,88E,88 Energy Ltd
A.b.p. Nocivelli,ABP,A.b.p. Nocivelli SpA
A2A,A2A,A2A SpA
Abraj Energy Servs,ABRJ,Abraj Energy Services
Abu Dhabi National Energy,TAQA,شركة ابوظبي الوطنية للطاقة
ACEN,ACEN,ACEN Corp
ACWA POWER,2082,شركة أكوا باور
Adams Resources & Energy,AE,Adams Resources & Energy Inc
Ades Holding,2382,شركة أديس القابضة
ADNOC Drilling Company,ADNOCDRILL,ADNOC Drilling Company PJSC
ADNOC Gas,ADNOCGAS,أدنوك للغاز بي أل سي
Advantage Energy,AAV,Advantage Energy Ltd
Aegis Logistics,500003,Aegis Logistics Ltd
Aemetis,AMTX,Aemetis Inc
AES,AES,The AES Corp
Afentra,AET,Afentra PLC
Africa Oil,AOI,Africa Oil Corp
AGL Energy,AGL,AGL Energy Ltd
Ahlatci Dogal Gaz Dagitim,AHGAZ,Ahlatci Dogal Gaz Dagitim Enerji Ve Yatirim
Air Products & Chemicals,APD,Air Products & Chemicals Inc
Akastor,AKAST,Akastor ASA
Aker BP,AKRBP,Aker BP ASA
Aker Solns,AKSO,Aker Solutions ASA
Akita Drilling,AKT.A,Akita Drilling Ltd
AKR Corporindo,AKRA,PT AKR Corporindo Tbk
Aksa Enerji Uretim,AKSEN,AKSA ENERJİ ÜRETİM A.Ş.
ALLETE,ALE,ALLETE Inc
AltaGas,ALA,AltaGas Ltd
Aluminium Bahrain,ALBH,Aluminium Bahrain BSC
Alvopetro Energy,ALV,Alvopetro Energy Ltd
American Electric Power,AEP,American Electric Power Co Inc
Amplify Energy,AMPY,Amplify Energy Corp
Ampol,ALD,Ampol Ltd
Antero Midstream,AM,Antero Midstream Corp
Antero Resources,AR,Antero Resources Corp
Anton Oilfield Servs Gr,3337,Anton Oilfield Services Group
APA,APA,APA Corp
APA,APA,APA Group
Arabian Drilling,2381,رشكة الحفر العربية
ARC Resources,ARX,ARC Resources Ltd
ArcelorMittal,MT,ArcelorMittal SA
Archer,ARCH,Archer Ltd
Archrock,AROC,Archrock Inc
Arrow Exploration,AXL,Arrow Exploration Corp
Ascent Resources,AST,Ascent Resources PLC
Ashdod Refinery,ARF,"בית זיקוק אשדוד בע""מ"
Ashtead Technology Hldgs,AT.,Ashtead Technology Holdings PLC
Asia Cement,1102,亞洲水泥股份有限公司
Athabasca Oil,ATH,Athabasca Oil Corp
Atlas Energy Solutions,AESI,Atlas Energy Solutions Inc
Attock Refinery,ATRL,Attock Refinery Ltd
Avance Gas Hldg,AGAS,Avance Gas Holding Ltd
Ayala,AC,Ayala Corp
B.Grimm Power,BGRIM,บริษัท บี.กริม เพาเวอร์ จำกัด (มหาชน)
Baker Hughes,BKR,Baker Hughes Co
Banco BTG Pactual,BPAC3,Banco BTG Pactual S.A.
Bangchak Corp,BCP,บริษัท บางจาก คอร์ปอเรชั่น จำกัด (มหาชน)
Bangchak Sriracha,BSRC,Bangchak Sriracha PCL
Barnwell Industries,BRN,Barnwell Industries Inc
Barrick Gold,ABX,Barrick Gold Corp
Bashneft,BANE,ОАО АНК Башнефть
Bass Oil,BAS,Bass Oil Ltd
Battalion Oil,BATL,Battalion Oil Corp
Baytex Energy,BTE,Baytex Energy Corp
Beach Energy,BPT,Beach Energy Ltd
Beijing Ent Hldgs,392,北京控股有限公司
Berry Corp,BRY,Berry Corp (bry)
Bharat Petroleum Corp,500547,Bharat Petroleum Corp Ltd
BHP Group,BHP,BHP Group Ltd
Birchcliff Energy,BIR,Birchcliff Energy Ltd
Black Stone Minerals,BSM,Black Stone Minerals LP
Blackstone,BX,Blackstone Inc
BlueNord,BNOR,BlueNord ASA
Boart Longyear,BLY,Boart Longyear Ltd
Bonterra Energy,BNE,Bonterra Energy Corp
Borr Drilling,BORR,Borr Drilling Ltd
BP,BP.,BP PLC
BP Castrol,5015,ビーピー・カストロール株式会社
BP Prudhoe Bay,BPT,BP Prudhoe Bay Royalty Trust
Bristow Group,VTOL,Bristow Group Inc
Brooge Energy,BROG,Brooge Energy Ltd
Bumi Armada,5210,Bumi Armada Bhd
BW Energy,BWE,BW Energy Ltd
BW Offshore,BWO,BW Offshore Ltd
Byron Energy,BYE,Byron Energy Ltd
Cactus,WHD,Cactus Inc
Calfrac Well Servs,CFW,Calfrac Well Services Ltd
California Resources,CRC,California Resources Corp
Calima Energy,CE1,Calima Energy Ltd
Callon Petroleum,CPE,Callon Petroleum Co
Calumet Specialty Prods,CLMT,Calumet Specialty Products Partners LP
Camber Energy,CEI,Camber Energy Inc
Canacol Energy,CNE,Canacol Energy Ltd
Canadian Natural Res,CNQ,Canadian Natural Resources Ltd
Capricorn Energy,CNE,Capricorn Energy PLC
Cardinal Energy,CJ,Cardinal Energy Ltd
Carlyle Group,CG,The Carlyle Group Inc
Carnarvon Energy,CVN,Carnarvon Energy Ltd
Castrol India,500870,Castrol India Ltd
Cathedral Energy Services,CET,Cathedral Energy Services Ltd
CBL International,BANL,CBL International ltd
Cenovus Energy,CVE,Cenovus Energy Inc
CenterPoint Energy,CNP,CenterPoint Energy Inc
CES Energy Solutions,CEU,CES Energy Solutions Corp
CEZ,CEZ,CEZ a.s
CGG,CGG,CGG
CGN New Energy Hldgs Co,1811,中國廣核新能源控股有限公司
ChampionX,CHX,ChampionX Corp
Channel Infrastructure NZ,CHI,Channel Infrastructure NZ Ltd
Cheniere Energy,LNG,Cheniere Energy Inc
Cheniere Energy Partners,CQP,Cheniere Energy Partners LP
Chennai Ptrl,500110,Chennai Petroleum Corp Ltd
Chesapeake Energy,CHK,Chesapeake Energy Corp
Chevron,CVX,Chevron Corp
Chevron Lubricants Lanka,LLUB.N0000,Chevron Lubricants Lanka PLC
China Aviation Oil,G92,China Aviation Oil (Singapore) Corp Ltd
China Energy Dev Hldgs,228,中国能源开发控股有限公司
China Energy Engineering,3996,中国能源建设股份有限公司
China Huarong Energy Co,1101,China Huarong Energy Co Ltd
China Merchants Energy,601872,招商局能源运输股份有限公司
China Oil And Gas Group,603,中油燃氣集團有限公司
China Oil HBP Science,2554,华油惠博普科技股份有限公司
China Oilfield Services,601808,中海油田服务股份有限公司
China Petroleum,386,中国石油化工股份有限公司
China Petroleum Engineeri,600339,中国石油集团工程股份有限公司
China Res Power Hldgs,836,華潤電力控股有限公司
Chongqing Gas Group Corp,600917,重庆燃气集团股份有限公司
Chongqing Three Gorges,600116,重庆三峡水利电力(集团)股份有限公司
Chord Energy,CHRD,Chord Energy Corp
Chubu Electric Power Co,9502,中部電力株式会社
CIMC Enric Holdings,3899,中集安瑞科控股有限公司
CITIC Resources Holdings,1205,中信资源控股有限公司
Civitas Resources,CIVI,Civitas Resources Inc
CKX Lands,CKX,CKX Lands Inc
Clean Energy Fuels,CLNE,Clean Energy Fuels Corp
CLP Holdings,2,中電控股有限公司
CNOOC Energy Technology,600968,中海油能源发展股份有限公司
CNPC Capital Co,617,中国石油集团资本股份有限公司
CNX Resources,CNX,CNX Resources Corp
Comet Ridge,COI,Comet Ridge Ltd
Comstock Resources,CRK,Comstock Resources Inc
Condor Energies,CDR,Condor Energies Inc
Confidence Petroleum,526829,Confidence Petroleum India Ltd
ConocoPhillips,COP,ConocoPhillips
Cool Co,CLCO,Cool Co Ltd
Cooper Energy,COE,Cooper Energy Ltd
Core Laboratories,CLB,Core Laboratories Inc
Cosan,CSAN3,Cosan SA
Cosmo Energy Holdings,5021,コスモエネルギーホールディングス株式会社
Coterra Energy,CTRA,Coterra Energy Inc
Crescent Energy,CRGY,Crescent Energy Co
Crescent Point Energy,CPG,Crescent Point Energy Corp
Crew Energy,CR,Crew Energy Inc
CrossAmerica Partners,CAPL,CrossAmerica Partners LP
CSI Compressco,CCLP,CSI Compressco LP
CVR Energy,CVI,CVR Energy Inc
Daesung Industrial,128820,대성산업(주)
Dalipal Holdings,1921,達力普控股有限公司
Dana Gas,DANA,دانة غاز
Datang International,601991,大唐国际发电股份有限公司
Dawson Geophysical,DWSN,Dawson Geophysical Co
Dayang Enterprise Hldgs,5141,Dayang Enterprise Holdings Bhd
DCC,DCC,DCC PLC
Deep Industries,543288,Deep Industries Ltd
Deep Value Driller,DVD,Deep Value Driller AS
Delek Group,DLEKG,קבוצת דלק בע''מ
Delek Logistics Partners,DKL,Delek Logistics Partners LP
Delek US Hldgs,DK,Delek US Holdings Inc
Deleum,5132,Deleum Bhd
Desert Mountain Energy,DME,Desert Mountain Energy Corp
Deutsche Rohstoff,DR0,Deutsche Rohstoff AG
Devon Energy,DVN,Devon Energy Corp
DHT Holdings,DHT,DHT Holdings Inc
Dialog Gr,7277,Dialog Group Bhd
Diamond Offshore Drilling,DO,Diamond Offshore Drilling Inc
Diamondback Energy,FANG,Diamondback Energy Inc
Diversified Energy,DEC,Diversified Energy Co PLC
DMC Glb,BOOM,DMC Global Inc
DNO,DNO,DNO ASA
Dominion Energy,D,Dominion Energy Inc
Dor Alon Energy,DRAL,"דור אלון אנרגיה בישראל בע""מ"
Dorchester Minerals,DMLP,Dorchester Minerals LP
Dorian LPG,LPG,Dorian LPG Ltd
Dow,DOW,Dow Inc
Drax Group,DRX,Drax Group PLC
Dril-Quip,DRQ,Dril-Quip Inc
Drilling Tools Intl,DTI,Drilling Tools International Corp
DT Midstream,DTM,DT Midstream Inc
Dubai Electricity & Water,DEWA,هيئة كهرباء ومياه دبي ش.م.ع
Duke Energy,DUK,Duke Energy Corp
Dynagas LNG Partners,DLNG,Dynagas LNG Partners LP
E.ON,EOAN,E.ON SE
E1,17940,(주)E1
Eco (Atlantic) Oil & Gas,EOG,Eco (Atlantic) Oil & Gas Ltd
Ecopetrol,ECOPETROL,Ecopetrol SA
Edda Wind,EWIND,Edda Wind ASA
El Paso Energy Capital,,El Paso Energy Capital Trust I
Elixir Energy,EXR,Elixir Energy Ltd
Elnusa,ELSA,PT Elnusa Tbk
Elvalhalcor,ELHA,ΕΛΒΑΛΧΑΛΚΟΡ A.E.
Empire Petroleum,EP,Empire Petroleum Corp
Empresa Metropolitana,EMAE4,Empresa Metropolitana de Águas e Energia S.A.
Empresas Lipigas,LIPIGAS,Empresas Lipigas SA
Enagas,ENG,"Enagás, S.A."
Enauta Participacoes,ENAT3,Enauta Participacoes SA
Enbridge,ENB,Enbridge Inc
EnBW Energie Baden,EBK,EnBW Energie Baden-Württemberg AG
Endesa,ELE,"Endesa, S.A."
Enea,ENA,Enea SA
Enel,ENEL,Enel SpA
ENEOS Holdings,5020,ＥＮＥＯＳホールディングス株式会社
Enerflex,EFX,Enerflex Ltd
Energa,ENG,Energa SA
Energean,ENOG,Energean PLC
Energi Mega Persada,ENRG,PT Energi Mega Persada Tbk
Energy Intl Inv Hldgs,353,能源国际投资控股有限公司
Energy Transfer,ET,Energy Transfer LP
Energy World Corp,EWC,Energy World Corp Ltd
Enerplus,ERF,Enerplus Corp
Eneva,ENEV3,Eneva SA
Engie,ENGI,Engie SA
Engie Energia Chile,ECL,Engie Energia Chile SA
Eni,ENI,Eni SpA
EnLink Midstream,ENLC,EnLink Midstream LLC
ENN Natural Gas,600803,新奥天然气股份有限公司
EnQuest,ENQ,EnQuest PLC
Enservco,ENSV,Enservco Corp
Ensign Energy Services,ESI,Ensign Energy Services Inc
Entergy,ETR,Entergy Corp
Enterprise Prods Partners,EPD,Enterprise Products Partners LP
EOG Resources,EOG,EOG Resources Inc
Epsilon Energy,EPSN,Epsilon Energy Ltd
EQT,EQT,EQT Corp
Equinor,EQNR,Equinor ASA
Equital,EQTL,אקויטל בע
Equitrans Midstream,ETRN,Equitrans Midstream Corp
Esso,ES,Esso SAF
Etablissements Maurel,MAU,Etablissements Maurel & Prom
Euronav,EURN,Euronav NV
Evergy,EVRG,Evergy Inc
Evolution Petroleum,EPM,Evolution Petroleum Corp
Excelerate Energy,EE,Excelerate Energy Inc
Exmar,EXM,Exmar NV
Expro Gr Hldgs,XPRO,Expro Group Holdings NV
Exxon Mobil,XOM,Exxon Mobil Corp
Ezra Holdings,5DN,Ezra Holdings Ltd
Ferrellgas Partners,FGPR,Ferrellgas Partners LP
First Gen,FGEN,First Gen Corp
First Pacific Co,142,First Pacific Co Ltd
First Philippine Hldgs,FPH,First Philippine Holdings Corp
Flex LNG,FLNG,Flex LNG Ltd
Flotek Industries,FTK,Flotek Industries Inc
Fluxys Belgium,FLUX,Fluxys Belgium SA
Foran Energy Group,2911,佛燃能源集团股份有限公司
Formosa Chemicals & Fibre,1326,台灣化學纖維股份有限公司
Formosa Petrochemical,6505,台塑石化股份有限公司
Formosa Plastics,1301,台灣塑膠工業股份有限公司
Fortis,FTS,Fortis Inc
Forum Energy Technologies,FET,Forum Energy Technologies Inc
Freehold Royalties,FRU,Freehold Royalties Ltd
Frontera Energy,FEC,Frontera Energy Corp
Frontline,FRO,Frontline Plc
Fugro,FUR,Fugro NV
Fuji Kosan,5009,富士興産株式会社
Fuji Oil Co,5017,富士石油株式会社
GAIL (India),532155,GAIL (India) Ltd
Galp Energia SGPS,GALP,Galp Energia SGPS SA
Gazprom,GAZP,ПАО Газпром
Gazprom Neft,SIBN,ОАО Газпром нефть
Gaztransport et technigaz,GTT,Gaztransport et technigaz SA
GCL Energy Technology,2015,协鑫能源科技股份有限公司
GD Power Dev Co,600795,国电电力发展股份有限公司
Gear Energy,GXE,Gear Energy Ltd
GEK Terna Holding,GEKTERNA,"ΓΕΚ ΤΕΡΝΑ Α.Ε. ΣΥΜΜΕΤΟΧΩΝ, ΑΚΙΝΗΤΩΝ, ΚΑΤΑΣΚΕΥΩΝ"
Genel Energy,GENL,Genel Energy PLC
General Electric,GE,General Electric Co
Genesis Energy,GEL,Genesis Energy LP
GeoPark,GPRK,GeoPark Ltd
Geospace Technologies,GEOS,Geospace Technologies Corp
Gibson Energy,GEI,Gibson Energy Inc
Glencore,GLEN,Glencore PLC
Global Partners,GLP,Global Partners LP
Golar LNG,GLNG,Golar LNG Ltd
Golar LNG Partners,GMLP,Golar LNG Partners LP
Gran Tierra Energy,GTE,Gran Tierra Energy Inc
Granite Ridge Resources,GRNT,Granite Ridge Resources Inc
Greenfire Resources,GFR,Greenfire Resources Ltd
Grupo Carso,GCARSOA1,Grupo Carso SAB de CV
GS Holdings,78930,(주)GS
GT Capital Holdings,GTCAP,GT Capital Holdings Inc
Guangdong Electric Power,539,广东电力发展股份有限公司
Guanghui Energy,600256,广汇能源股份有限公司
Guangzhou Development Gr,600098,广州发展集团股份有限公司
Guangzhou Hengyun,531,广州恒运企业集团股份有限公司
Gujarat State Petronet,532702,Gujarat State Petronet Ltd
Gulf Coast Ultra Deep,GULTU,Gulf Coast Ultra Deep Royalty Trust
Gulf Energy Development,GULF,บริษัท กัลฟ์ เอ็นเนอร์จี ดีเวลลอปเมนท์ จำกัด (มหาชน)
Gulf Keystone Petroleum,GKP,Gulf Keystone Petroleum Ltd
Gulf Marine Services,GMS,Gulf Marine Services PLC
Gulfport Energy,GPOR,Gulfport Energy Corp
Halliburton,HAL,Halliburton Co
Han Kook Shell Oil,2960,한국쉘석유(주)
Hanwha,880,(주)한화
Harbour Energy,HBR,Harbour Energy PLC
HD Hyundai,267250,에이치디현대(주)
HDC Hldgs,12630,에이치디씨(주)
Headwater Exploration,HWX,Headwater Exploration Inc
Helios Energy,HE8,Helios Energy Ltd
Helix Energy Solns Gr,HLX,Helix Energy Solutions Group Inc
HELLENiQ ENERGY Hldgs,ELPE,HELLENiQ ENERGY Ανώνυμη Εταιρεία Συμμετοχών
Helmerich & Payne,HP,Helmerich & Payne Inc
Hemisphere Energy,HME,Hemisphere Energy Corp
Hengyuan Refining Co,4324,Hengyuan Refining Co Bhd
Hess,HES,Hess Corp
Hess Midstream,HESM,Hess Midstream LP
HF Sinclair,DINO,HF Sinclair Corp
Hibiscus Petroleum,5199,Hibiscus Petroleum Bhd
High Arctic Energy Servs,HWO,High Arctic Energy Services Inc
HighPeak Energy,HPK,HighPeak Energy Inc
Hilong Holding,1623,海隆控股有限公司
Hindustan Oil Exploration,500186,Hindustan Oil Exploration Co Ltd
Hindustan Petroleum Corp,HINDPETRO,Hindustan Petroleum Corp Ltd
Hiroshima Gas,9535,広島ガス株式会社
HK Electric Inv,2638,港燈電力投資 與 港燈電力投資有限公司
Honghua Group,196,宏华集团有限公司
Horizon Oil,HZN,Horizon Oil Ltd
Houpu Clean Energy Group,300471,厚普清洁能源(集团)股份有限公司
Houston American Energy,HUSA,Houston American Energy Corp
Huadian Power Intl Corp,600027,华电国际电力股份有限公司
Huaneng Power Intl,600011,华能国际电力股份有限公司
Hunter Group,HUNT,Hunter Group ASA
Hunting,HTG,Hunting PLC
HY Energy Gr,600387,海越能源集团股份有限公司
Hyundai Engineering,720,현대건설(주)
Hyundai Motor,5380,현대자동차(주)
i3 Energy,I3E,i3 Energy PLC
Icahn Enterprises,IEP,Icahn Enterprises LP
Idacorp,IDA,Idacorp Inc
Idemitsu Kosan,5019,出光興産株式会社
Imperial Oil,IMO,Imperial Oil Ltd
Imperial Ptrl,IMPP,Imperial Petroleum Inc
Independence Contract,ICD,Independence Contract Drilling Inc
Indian Oil Corp,IOC,Indian Oil Corp Ltd
Inpex,1605,国際石油開発帝石株式会社
InPlay Oil,IPO,InPlay Oil Corp
International Ptrl,IPCO,International Petroleum Corp
International Seaways,INSW,International Seaways Inc
Invictus Energy,IVZ,Invictus Energy Ltd
Iren,IRE,Iren SpA
IRPC,IRPC,บริษัท ไออาร์พีซี จำกัด (มหาชน)
Isramco Negev 2 LP,ISRA,ישראמקו נגב 2 שותפות מוגבלת
Ithaca Energy,ITH,Ithaca Energy PLC
ITOCHU,8001,伊藤忠商事株式会社
Itochu Enex Co,8133,伊藤忠エネクス株式会社
Jadestone Energy,JSE,Jadestone Energy PLC
Jamuna Oil Co,JAMUNAOIL,Jamuna Oil Co Ltd
Japan Petroleum,1662,石油資源開発株式会社
JG Summit Holdings,JGS,JG Summit Holdings Inc
Jiangsu Guoxin,2608,江苏国信股份有限公司
JIANGSU LOPAL TECH Co,603906,江苏龙蟠科技股份有限公司
Jiangxi Jovo Energy Co,605090,江西九丰能源股份有限公司
Jindal Drilling & Indus,511034,Jindal Drilling & Industries Ltd
John Wood Group,WG.,John Wood Group Plc
Jordan Petroleum Refinery,JOPT,Jordan Petroleum Refinery Co Ltd
Journey Energy,JOY,Journey Energy Inc
Jutal Offshore Oil Servs,3303,Jutal Offshore Oil Services Ltd
Kamei,8037,カメイ株式会社
Karoon Energy,KAR,Karoon Energy Ltd
Kawasan Industri Jababeka,KIJA,PT Kawasan Industri Jababeka Tbk
Kelt Exploration,KEL,Kelt Exploration Ltd
Kenon Hldgs,KEN,Kenon Holdings Ltd
Keppel,BN4,Keppel Ltd
Key Energy Servs,KEGX,Key Energy Services Inc
Keyera,KEY,Keyera Corp
Kimbell Royalty Partners,KRP,Kimbell Royalty Partners LP
Kinder Morgan,KMI,Kinder Morgan Inc
Kinetik Holdings,KNTK,Kinetik Holdings Inc
Kiwetinohk Energy,KEC,Kiwetinohk Energy Corp
KKR & Co,KKR,KKR & Co Inc
KLX Energy Services Hldgs,KLXE,KLX Energy Services Holdings Inc
KN Energies,KNE1L,KN Energies AB
Kodiak Gas Services,KGS,Kodiak Gas Services Inc
Kogeneracja,KGN,Kogeneracja S.A.
Koil Energy Solutions,KLNG,Koil Energy Solutions Inc
Kolibri Global Energy,KEI,Kolibri Global Energy Inc
Koninklijke Vopak,VPK,Koninklijke Vopak NV
Korea Electric Power,15760,한국전력공사(주)
Korea Gas,36460,한국가스공사(주)
Kosmos Energy,KOS,Kosmos Energy Ltd
Krakatau Steel (Persero),KRAS,PT Krakatau Steel (Persero) Tbk
KS Energy,578,KS Energy Ltd
Kunlun Energy,135,昆仑能源有限公司
Kyushu Electric Power Co,9508,九州電力株式会社
La Francaise de l'Energie,FDE,La Francaise de l'Energie
Lafarge Africa,WAPCO,Lafarge Africa PLC
Lanka IOC,LIOC.N0000,Lanka IOC PLC
Lapidoth Capital,LAPD,לפידות קפיטל בע''מ
Lee & Man Paper Mfg,2314,理文造纸有限公司
Liberty Energy,LBRT,Liberty Energy Inc
LNG Energy Group,LNGE,LNG Energy Group Corp
Logan energy,LGN,Logan energy corp
Lopez Holdings,LPZ,Lopez Holdings Corp
Lucero Energy,LOU,Lucero Energy Corp
Lukoil,LKOH,ПАО ЛУКОЙЛ
Mach Natural Resources,MNR,Mach Natural Resources
Magnolia Oil & Gas,MGY,Magnolia Oil & Gas Corp
Maha Energy,MAHA A,Maha Energy AB
Malakoff Corp,5264,Malakoff Corp Bhd
Malaysia Marine,5186,Malaysia Marine and Heavy Engineering Holdings Bhd
Mangalore Refinery,500109,Mangalore Refinery and Petrochemicals Ltd
Manila Electric,MER,Manila Electric Co
Marathon Oil,MRO,Marathon Oil Corp
Marathon Petroleum,MPC,Marathon Petroleum Corp
Mari Petroleum Co,MARI,Mari Petroleum Co Ltd
Marine Petroleum Trust,MARPS,Marine Petroleum Trust
Martin Midstream Partners,MMLP,Martin Midstream Partners LP
Marubeni,8002,丸紅株式会社
Matador Resources,MTDR,Matador Resources Co
Mattr,MATR,Mattr Corp
Maxim Power,MXG,Maxim Power Corp
McCoy Global,MCB,McCoy Global Inc
MDU Resources Gr,MDU,MDU Resources Group Inc
Medco Energi,MEDC,PT Medco Energi Internasional Tbk
MEG Energy,MEG,MEG Energy Corp
Meghna Petroleum,MPETROLEUM,Meghna Petroleum Ltd
Melbana Energy,MAY,Melbana Energy Ltd
Mermaid Maritime,DU4,บริษัท เมอร์เมด มาริไทม์ จำกัด (มหาชน)
Mexco Energy,MXC,Mexco Energy Corp
Michang Oil Ind,3650,미창석유공업(주)
Migdal Insurance & Finl,MGDL,מגדל אחזקות ביטוח ופיננסים בע''מ
Mineral Resources,MIN,Mineral Resources Ltd
Mining & Metallurgical Co,GMKN,ПАО «ГМК «Норильский никель»
Mitsubishi,8058,三菱商事株式会社
Mitsubishi Heavy Indus,7011,三菱重工業株式会社
Mitsui & Co,8031,三井物産株式会社
Mitsuuroko Group Holdings,8131,株式会社ミツウロコグループホールディングス
Mivtach Shamir Holdings,MISH,מבטח שמיר אחזקות בע''מ
Modec,6269,三井海洋開発株式会社
MOL Hungarian Oil and Gas,MOL,MOL Hungarian Oil and Gas PLC
Mota-Engil,EGL,Mota-Engil
Motor Oil (Hellas),MOH,ΜΟΤΟΡ ΟΪΛ (ΕΛΛΑΣ) ΔΙΥΛΙΣΤΗΡΙΑ ΚΟΡΙΝΘΟΥ ΑΕ
MPLX,MPLX,MPLX LP
MRC Global,MRC,MRC Global Inc
Murphy Oil,MUR,Murphy Oil Corp
Mytilineos,MYTIL,ΜΥΤΙΛΗΝΑΙΟΣ Α.Ε. - ΟΜΙΛΟΣ ΕΠΙΧΕΙΡΗΣΕΩΝ
Nabors Industries,NBR,Nabors Industries Ltd
Nan Ya Plastics,1303,南亞塑膠工業股份有限公司
Nanjing Develop Advanced,688377,南京迪威尔高端制造股份有限公司
Nanjing Tanker,601975,中国长江航运集团南京油运股份有限公司
Naphtha Israel Petroleum,NFTA,נפטא חברה ישראלית לנפט בע''מ
National Energy Services,NESR,National Energy Services Reunited Corp
National Fuel Gas,NFG,National Fuel Gas Co
National Gas,2080,شركة الغاز والتصنيع الأهلية
National Grid,NG.,National Grid PLC
Natural Gas Services Gr,NGS,Natural Gas Services Group Inc
NATURELGAZ SANAYI VE,NTGAZ,NATURELGAZ SANAYI VE TICARET AS
Navigator Holdings,NVGS,Navigator Holdings Ltd
NCS Multistage Holdings,NCSM,NCS Multistage Holdings Inc
Neste,NESTE,Neste Oyj
New Fortress Energy,NFE,New Fortress Energy Inc
New Stratus Energy,NSE,New Stratus Energy Inc
NewMed Energy,NWMD,NewMed Energy LP
NewOcean Energy Holdings,NE6,新海能源集团有限公司
Newpark Resources,NR,Newpark Resources Inc
NextDecade,NEXT,NextDecade Corp
NextEra Energy,NEE,NextEra Energy Inc
NG Energy Intl,GASX,NG Energy International Corp
NGL Energy Partners,NGL,NGL Energy Partners LP
Nine Dragons Paper,2689,玖龙纸业（控股）有限公司
Nine Energy Service,NINE,Nine Energy Service Inc
NIPPON CONCEPT,9386,日本コンセプト株式会社
NiSource,NI,NiSource Inc
Noble Corp,NE,Noble Corp PLC
NorAm Drilling,NORAM,Noram Drilling Company AS
North American,NOA,North American Construction Group Ltd
Northern Ocean,NOL,Northern Ocean Ltd
Northern Oil & Gas,NOG,Northern Oil & Gas Inc
Nostrum Oil & Gas,NOG,Nostrum Oil & Gas PLC
NOV,NOV,NOV Inc
Novagold Resources,NG,Novagold Resources Inc
NOVATEK,NVTK,пао НОВАТЭК
NuStar Energy,NS,NuStar Energy LP
NuVista Energy,NVA,NuVista Energy Ltd
NWF Group,NWF,NWF Group PLC
Obsidian Energy,OBE,Obsidian Energy Ltd
Occidental Petroleum,OXY,Occidental Petroleum Corp
Oceaneering International,OII,Oceaneering International Inc
Odfjell Drilling,ODL,Odfjell Drilling Ltd
Odfjell Technology,OTL,Odfjell Technology Ltd
Offshore Oil Eng Co,600583,海洋石油工程股份有限公司
OGK-2,OGKB,ОАО ОГК-2
Oil & Gas Development Co,OGDC,Oil & Gas Development Co Ltd
Oil India,533106,Oil India Ltd
Oil Refineries,ORL,בתי זקוק לנפט בע''מ
Oil States International,OIS,Oil States International Inc
Okea,OKEA,Okea ASA
OMV,OMV,OMV AG
OMV Petrom,SNP,OMV Petrom SA
ONEOK,OKE,ONEOK Inc
ONGC,500312,Oil & Natural Gas Corp Ltd
Opc Energy,OPCE,או.פי.סי אנרגיה בע''מ
OQ Gas Network Company,OQGN,OQ Gas Network Company S A O G
Organizacion Terpel,TERPEL,Organizacion Terpel SA
Oriental Energy Co,2221,东华能源股份有限公司
Origin Energy,ORG,Origin Energy Ltd
Orlen,PKN,Orlen SA
Osaka Gas,9532,大阪瓦斯株式会社
Overseas Shipholding Gr,OSG,Overseas Shipholding Group Inc
Ovintiv,OVV,Ovintiv Inc
Padma Oil Co,PADMAOIL,Padma Oil Co Ltd
Pakistan Oilfields,POL,Pakistan Oilfields Ltd
Pakistan Petroleum,PPL,Pakistan Petroleum Ltd
Pakistan Refinery,PRL,Pakistan Refinery Ltd
Pakistan State Oil Co,PSO,Pakistan State Oil Co Ltd
Pampa Energia,PAMP,Pampa Energia SA
Panama Petrochem,524820,Panama Petrochem Ltd
Panoro Energy,PEN,Panoro Energy ASA
Pantheon Resources,PANR,Pantheon Resources PLC
PAO Sovcomflot,FLOT,PAO Sovcomflot
Par Pacific Hldgs,PARR,Par Pacific Holdings Inc
Paramount Resources,POU,Paramount Resources Ltd
Pardee Resources Co,PDER,Pardee Resources Co Inc
Parex Resources,PXT,Parex Resources Inc
Parker Drilling,PKDC,Parker Drilling Co
Parkland,PKI,Parkland Corp
Partners Gr Holding,PGHN,Partners Group Holding AG
Pason Sys,PSI,Pason Systems Inc
Patria Investments,PAX,Patria Investments Ltd
Patterson-UTI Energy,PTEN,Patterson-UTI Energy Inc
Paz Oil,PZOL,פז חברת הנפט בע''מ
PBF Energy,PBF,PBF Energy Inc
PEDEVCO,PED,PEDEVCO Corp
Pembina Pipeline,PPL,Pembina Pipeline Corp
Permian Basin Royalty,PBT,Permian Basin Royalty Trust
Permian Resources,PR,Permian Resources Corp
PermRock Royalty Trust,PRT,PermRock Royalty Trust
Petrobras Brasileiro,PETR3,Petroleo Brasileiro SA Petrobras
PetroChina Co,601857,中国石油天然气股份有限公司
Petrofac,PFC,Petrofac Ltd
Petron,PCOR,Petron Corp
Petron Malaysia Refining,3042,Petron Malaysia Refining & Marketing Bhd
Petronas Chemicals Gr,5183,Petronas Chemicals Group Bhd
Petronas Dagangan,5681,Petronas Dagangan Bhd
Petronet LNG,532522,Petronet LNG Ltd
PetroNor E&P,PNOR,PetroNor E&P ASA
Petroreconcavo,RECV3,Petroreconcavo SA
PetroTal,TAL,PetroTal Corp
Petrovietnam Drilling,PVD,Tổng CTCP Khoan và Dịch vụ Khoan Dầu khí
PetroVietnam Gas,GAS,Tổng Công ty Khí Việt Nam
PetroVietnam Power,POW,Tổng Công ty Điện lực Dầu khí Việt Nam - CTCP
PetroVietnam Technical,PVS,Tổng Công ty Cổ phần Dịch vụ Kỹ thuật Dầu khí Việt Nam
Petrus Resources,PRQ,Petrus Resources Ltd
Peyto Exploration & Dev,PEY,Peyto Exploration & Development Corp
PGS,PGS,PGS ASA
Pharos Energy,PHAR,Pharos Energy PLC
Phillips 66,PSX,Phillips 66
Phoenix Petroleum,PNX,Phoenix Petroleum Philippines Inc
PHX Energy Services,PHX,PHX Energy Services Corp
PHX Minerals,PHX,PHX Minerals Inc
Pieridae Energy,PEA,Pieridae Energy Ltd
Pine Cliff Energy,PNE,Pine Cliff Energy Ltd
Pioneer Natural Resources,PXD,Pioneer Natural Resources Co
Plains All American,PAA,Plains All American Pipeline LP
Plains GP Holdings,PAGP,Plains GP Holdings LP
Polska Grupa Energetyczna,PGE,PGE POLSKA GRUPA ENERGETYCZNA SPÓŁKA AKCYJNA
Posco International,47050,(주)포스코인터내셔널
Power Assets Holdings,6,電能實業有限公司
Power Soln Tech,PSTC,บริษัท เพาเวอร์ โซลูชั่น เทคโนโลยี จำกัด (มหาชน)
Prairie Provident,PPR,Prairie Provident Resources Inc
PrairieSky Royalty,PSK,PrairieSky Royalty Ltd
Precision Drilling,PD,Precision Drilling Corp
Prima Marine,PRM,บริษัท พริมา มารีน จำกัด (มหาชน)
PrimeEnergy Resources,PNRG,PrimeEnergy Resources Corp
PRIO,PRIO3,PRIO SA
Profire Energy,PFIE,Profire Energy Inc
ProFrac Holding,ACDC,ProFrac Holding Corp
ProPetro Holding,PUMP,ProPetro Holding Corp
Pryce,PPC,Pryce Corp
PT Essa Industries,ESSA,PT Essa Industries Indonesia Tbk
Ptt,PTT,บริษัท ปตท. จำกัด (มหาชน)
PTT E&P,PTTEP,บริษัท ปตท. สำรวจและผลิตปิโตรเลียม จำกัด (มหาชน)
PTT Oil and Retail,OR,บริษัท ปตท. น้ำมันและการค้าปลีก จำกัด (มหาชน)
Public Power Corp,PPC,ΔΗΜΟΣΙΑ ΕΠΙΧΕΙΡΗΣΗ ΗΛΕΚΤΡΙΣΜΟΥ ΑΕ
Pulse Seismic,PSD,Pulse Seismic Inc
PXP Energy,PXP,PXP Energy Corp
Pyxis Tankers,PXS,Pyxis Tankers Inc
Qatar Electricity & Water,QEWS,Qatar Electricity & Water Co QSC
Qatar Fuel,QFLS,Qatar Fuel QSC
Qatar Gas Transport Co,QGTS,Qatar Gas Transport Co Ltd (Nakilat) QSC
Questerre Energy,QEC,Questerre Energy Corp
Rabigh Refining,2380,شركة رابغ للتكرير والبتروكيماويات
Range Resources,RRC,Range Resources Corp
Ranger Energy Services,RNGR,Ranger Energy Services Inc
Ratch Group,RATCH,บริษัท ราช กรุ๊ป จำกัด (มหาชน)
Ratio Energies,RATI,רציו אנרגיות
Reabold Resources,RBD,Reabold Resources PLC
Reach Subsea,REACH,Reach Subsea ASA
Recon Technology,RCON,研控科技有限公司
Reliance Industries,RELIANCE,Reliance Industries Ltd
Reliance Power,532939,Reliance Power Ltd
Renaissance Services,RNSS,Renaissance Services SAOG
Renergen,REN,Renergen Ltd
Repsol,REP,Repsol SA
Rex Intl Hldgs,5WH,Rex International Holding Ltd
RH Petrogas,T13,RH Petrogas Ltd
Riley Exploration Permian,REPX,Riley Exploration Permian Inc
Ring Energy,REI,Ring Energy Inc
Riverstone Holdings,AP4,Riverstone Holdings Ltd
Rockhopper Exploration,RKH,Rockhopper Exploration PLC
Rongsheng Petro Chemical,2493,荣盛石化股份有限公司
Rosneft Oil,ROSN,ОАО НК Роснефть
RPC,RES,RPC Inc
Rubis,RUI,Rubis SCA
RusHydro,HYDR,РусГидро ПАО
RWE,RWE,RWE AG
S-Oil,10950,S-Oil(주)
S.D. Standard ETC,SDSD,S.D. Standard ETC PLC
Sabine Royalty,SBR,Sabine Royalty Trust
Saibu Gas Holdings,9536,西部ガスホールディングス
Saipem,SPM,Saipem SpA
San Juan Basin Royalty,SJT,San Juan Basin Royalty Trust
San Miguel,SMC,San Miguel Corp
San-Ai Obbli,8097,三愛オブリ
SandRidge Energy,SD,SandRidge Energy Inc
Santos,STO,Santos Ltd
Sapura Energy,5218,Sapura Energy Bhd
Saras,SRS,Saras SpA
Sasol,SOL,Sasol Ltd
Saturn Oil & Gas,SOIL,Saturn Oil & Gas Inc
Saudi Arabian Oil,2222,شركة الزيت العربية السعودية
Saudi Aramco Base Oil,2223,شركة أرامكو السعودية لزيوت الأساس
Saudi Basic Industries,2010,الشركة السعودية للصناعات الأساسية
Saudi Electricity,5110,الشركة السعودية للكهرباء
Savannah Energy,SAVE,Savannah Energy PLC
SBM Offshore,SBMO,SBM Offshore NV
Schlumberger,SLB,Schlumberger Ltd
Schoeller-Bleckmann,SBO,Schoeller-Bleckmann Oilfield Equipment AG
Scorpio Tankers,STNG,Scorpio Tankers Inc
SDIC Power Holdings Co,600886,国投电力控股股份有限公司
Seadrill,SDRL,Seadrill Ltd
Seapeak,TGP,Seapeak LLC
Secure Energy Services,SES,Secure Energy Services Inc
Sembcorp Industries,U96,Sembcorp Industries Ltd
Sempra,SRE,Sempra
Seplat Energy,SEPLAT,Seplat Energy PLC
Serica Energy,SQZ,Serica Energy PLC
Serinus Energy,SENX,Serinus Energy PLC
Seven Group Hldgs,SVW,Seven Group Holdings Ltd
Shaanxi Provincial,2267,陕西省天然气股份有限公司
Shandong Molong Petroleum,568,山东墨龙石油机械股份有限公司
Shandong Shengli,407,山东胜利股份有限公司
Shandong Xinchao Energy,600777,山东新潮能源股份有限公司
Shanghai Lonyer Date,603003,上海龙宇数据股份有限公司
Shanxi Blue Flame Holding,968,山西蓝焰控股股份有限公司
Shanxi Guoxin Energy,600617,山西省国新能源股份有限公司
Shelf Drilling,SHLF,Shelf Drilling Ltd
Shell,SHEL,Shell PLC
Shell Pakistan,SHEL,Shell Pakistan Ltd
Shell Pilipinas,SHLPH,Shell Pilipinas Corp
Shenergy Co,600642,申能股份有限公司
Shenzhen Energy Group,27,深圳能源集团股份有限公司
Shenzhen Gas,601139,深圳市燃气集团股份有限公司
Shenzhen Guangju Energy,96,深圳市广聚能源股份有限公司
Shenzhen New Nanshan,2314,深圳市新南山控股(集团)股份有限公司
Shikun & Binui,SKBN,שיכון ובינוי בע''מ
Siamgas,SGP,บริษัท สยามแก๊ส แอนด์ ปิโตรเคมีคัลส์ จำกัด (มหาชน)
Siem Offshore,SIOFF,Siem Offshore Inc
Siemens,SIE,Siemens AG
Siemens Energy,ENR,Siemens Energy AG
SilverBow Resources,SBOW,SilverBow Resources Inc
Sinanen Hldgs,8132,シナネンホールディングス株式会社
Sino Geophysical Co,300191,潜能恒信能源技术股份有限公司
SINOPEC Eng (Gr) Co,2386,中石化炼化工程（集团）股份有限公司
Sinopec Kantons Hldgs,934,中石化冠德控股有限公司
Sinopec Oilfield,852,中石化石油机械股份有限公司
Sinopec Oilfield Service,600871,中石化石油工程技术服务股份有限公司
Sinopec Shanghai,600688,中国石化上海石油化工股份有限公司
Sinostar Pec Holdings,C9Q,Sinostar Pec Holdings Ltd
Sintana Energy,SEI,Sintana Energy Inc
Sitio Royalties,STR,Sitio Royalties Corp
SK,34730,SK(주)
SK Discovery Co,6120,에스케이디스커버리(주)
SK Gas,18670,SK가스(주)
SK Innovation Co,96770,SK이노베이션(주)
SM Energy,SM,SM Energy Co
Smart Sand,SND,Smart Sand Inc
Snam,SRG,Snam SpA
SNGN Romgaz,SNG,SNGN Romgaz SA
SNTGN Transgaz,TGN,SNTGN Transgaz SA
Sojitz,2768,双日株式会社
Solaris Oilfield Infra,SOI,Solaris Oilfield Infrastructure Inc
Source Energy Services,SHLE,Source Energy Services Ltd
Source Rock Royalties,SRR,Source Rock Royalties Ltd
Southern,SO,Southern Co
Southwestern Energy,SWN,Southwestern Energy Co
Spartan Delta,SDE,Spartan Delta Corp
SPT Energy Group,1251,华油能源集团有限公司
SSE,SSE,SSE PLC
Stabilis Solutions,SLNG,Stabilis Solutions Inc
Star Group,SGU,Star Group LP
Star Petroleum Refining,SPRC,บริษัท สตาร์ ปิโตรเลียม รีไฟน์นิ่ง จำกัด (มหาชน)
STEP Energy Services,STEP,STEP Energy Services Ltd
Strathcona Resources,SCR,Strathcona Resources Ltd
Strike Energy,STX,Strike Energy Ltd
Subsea 7,SUBC,Subsea 7 SA
Sugih Energy,SUGI,PT Sugih Energy Tbk
Sui Northern Gas Pipeline,SNGP,Sui Northern Gas Pipelines Ltd
Sumitomo,8053,住友商事株式会社
Summit Midstream Partners,SMLP,Summit Midstream Partners LP
Suncor Energy,SU,Suncor Energy Inc
Sunoco,SUN,Sunoco LP
Superior Drilling Prods,SDPI,Superior Drilling Products Inc
Surge Energy,SGY,Surge Energy Inc
Surgutneftegas,SNGS,Сургутнефтегаз ОАО
Susco,SUSCO,บริษัท ซัสโก้ จำกัด (มหาชน)
Suzhou Douson Drilling,603800,苏州道森钻采设备股份有限公司
Swan Energy,503310,Swan Energy Ltd
Taiwan Cogeneration,8926,台灣汽電共生股份有限公司
Talen Energy,TLNE,Talen Energy Corp
Talos Energy,TALO,Talos Energy Inc
Tamar Petroleum,TMRP,"תמר פטרוליום בע""מ"
Tamarack Valley Energy,TVE,Tamarack Valley Energy Ltd
Targa Resources,TRGP,Targa Resources Corp
Tatneft,TATNP,ПАО Татнефть
TC Energy,TRP,TC Energy Corp
Technip Energies,TE,Technip Energies NV
TechnipFMC,FTI,TechnipFMC PLC
Teck Resources,TECK.B,Teck Resources Ltd
Teekay,TK,Teekay Corp
Teekay Tankers,TNK,Teekay Tankers Ltd
Tellurian,TELL,Tellurian Inc
Tenaga Nasional,5347,Tenaga Nasional Bhd
Tenaris,TEN,Tenaris SA
TerraVest Industries,TVK,TerraVest Industries Inc
Tessenderlo Group,TESB,Tessenderlo Group NV
Tethys Oil,TETY,Tethys Oil AB
Tetra Technologies,TTI,Tetra Technologies Inc
Texas Pacific Land,TPL,Texas Pacific Land Corp
TGS,TGS,TGS ASA
Thai Oil,TOP,บริษัท ไทยออยล์ จำกัด (มหาชน)
The Leadcorp,12700,(주)리드코프
Tidewater,TDW,Tidewater Inc
Tidewater Midstream,TWM,Tidewater Midstream and Infrastructure Ltd
Tokyo Electric Power,9501,東京電力ホールディングス株式会社
Tokyo Gas Co,9531,東京瓦斯株式会社
Tongkun Group Co,601233,桐昆集团股份有限公司
Top Frontier Investment,TFHI,Top Frontier Investment Holdings Inc
Topaz Energy,TPZ,Topaz Energy Corp
TORM,TRMD A,TORM PLC
Total Energies Marketing,TMA,Total Energies Marketing Maroc
Total Energy Services,TOT,Total Energy Services Inc
TotalEnergies,TTE,TotalEnergies SE
TotalEnergies EP Gabon,EC,TotalEnergies EP Gabon
Touchstone Exploration,TXP,Touchstone Exploration Inc
Tourmaline Oil,TOU,Tourmaline Oil Corp
Transneft,TRNFP,Transneft PJSC
Transocean,RIG,Transocean Ltd
Transportadora de Gas,TGSU2,Transportadora de Gas del Sur SA
Trican Well Service,TCW,Trican Well Service Ltd
Trio Petroleum,TPET,Trio Petroleum Corp
Tsakos Energy Navigation,TNP,Tsakos Energy Navigation Ltd
Tullow Oil,TLW,Tullow Oil PLC
Tupras-Turkiye Petrol,TUPRS,TÜPRAŞ-TÜRKİYE PETROL RAFİNERİLERİ A.Ş
TXO Partners,TXO,TXO Partners LP
Ultrapar Participacoes,UGPA3,Ultrapar Participacoes SA
Unique Hotel & Resorts,UNIQUEHRL,Unique Hotel & Resorts PLC
Unit,UNTC,Unit Corp
United Energy Group,467,United Energy Group Ltd
United Strength Power,2337,众诚能源控股有限公司
US Energy,USEG,US Energy Corp
US Silica Holdings,SLCA,US Silica Holdings Inc
USA Compression Partners,USAC,USA Compression Partners LP
Uzma,7250,Uzma Bhd
VAALCO Energy,EGY,VAALCO Energy Inc
Valaris,VAL,Valaris Ltd
Vale,VALE3,Vale SA
Valero Energy,VLO,Valero Energy Corp
Valeura Energy,VLE,Valeura Energy Inc
Vallourec,VK,Vallourec SA
Valvoline,VVV,Valvoline Inc
Vantage Drilling Intl,VTDRF,Vantage Drilling International
Var Energi,VARo,Var Energi ASA
Velesto Energy,5243,Velesto Energy Bhd
Vermilion Energy,VET,Vermilion Energy Inc
Vertex Energy,VTNR,Vertex Energy Inc
Vietnam National,PLX,Tập đoàn Xăng dầu Việt Nam
Viper Energy,VNOM,Viper Energy Inc
Vista Energy,VISTAA,Vista Energy SAB de CV
Vital Energy,VTLE,Vital Energy
Vitesse Energy,VTS,Vitesse Energy Inc
Viva Energy Group,VEA,Viva Energy Group Ltd
Vivakor,VIVK,Vivakor Inc
VOC Energy,VOC,VOC Energy Trust
W&T Offshore,WTI,W&T Offshore Inc
Wasco,5142,Wasco Bhd
Weatherford International,WFRD,Weatherford International PLC
Westcore Energy,WTR.H,Westcore Energy Ltd
Western Midstream,WES,Western Midstream Partners LP
Whitecap Res,WCP,Whitecap Resources Inc
Williams Companies,WMB,Williams Companies Inc
Woodside Energy Group,WDS,Woodside Energy Group Ltd
World Kinect,WKC,World Kinect Corp
Worley,WOR,Worley Ltd
Wuxi Huaguang Environment,600475,无锡华光环保能源集团股份有限公司
Xcel Energy,XEL,Xcel Energy Inc
Yanchang Ptrl Intl,346,延长石油国际有限公司
Yangarra Resources,YGR,Yangarra Resources Ltd
Yangzijiang Shipbuilding,BS6,Yangzijiang Shipbuilding (Holdings) Ltd
Yantai Jereh Oilfield,2353,烟台杰瑞石油服务集团股份有限公司
Yinson Holdings,7293,Yinson Holdings Bhd
YPF,YPFD,YPF SA
Yunnan Energy Investment,2053,云南能源投资股份有限公司
Ze Pak,ZEP,Ze Pak SA
Zhongman Petroleum,603619,中曼石油天然气集团股份有限公司
Zhuhai Port,507,珠海港股份有限公司